title,description,image,link,category,year
バナーデザイン,Webサイト用のバナーデザイン,./media/top_s.jpg,https://sskg-lab.studio.site/,グラフィックデザイン,2026
Processing小作品,Processingを使ったインタラクティブ作品,./media/top_s.jpg,#,インタラクティブアート,2024
アプリUIデザイン,スマートフォンアプリのUIデザイン,./media/top_s.jpg,#,UIデザイン,2025
バナーデザイン,Webサイト用のバナーデザイン,./media/top_s.jpg,https://sskg-lab.studio.site/,グラフィックデザイン,2026
Processing小作品,Processingを使ったインタラクティブ作品,./media/top_s.jpg,#,インタラクティブアート,2024
アプリUIデザイン,スマートフォンアプリのUIデザイン,./media/top_s.jpg,#,UIデザイン,2025
バナーデザイン,Webサイト用のバナーデザイン,./media/top_s.jpg,https://sskg-lab.studio.site/,グラフィックデザイン,2026
Processing小作品,Processingを使ったインタラクティブ作品,./media/top_s.jpg,#,インタラクティブアート,2024
アプリUIデザイン,スマートフォンアプリのUIデザイン,./media/top_s.jpg,#,UIデザイン,2025

